node_id,observed_label,degree,is_poisoned,score_legacy_structure,score_legacy_input_spectrum,score_legacy_model_js,score_legacy_spectral_relation,score_legacy_transfer,score_global_mad_structure,score_global_mad_input_spectrum,score_global_mad_model_js,score_global_mad_spectral_relation,score_global_mad_transfer,score_global_ecdf_structure,score_global_ecdf_input_spectrum,score_global_ecdf_model_js,score_global_ecdf_spectral_relation,score_global_ecdf_transfer,score_trimmed_structure,score_trimmed_input_spectrum,score_trimmed_model_js,score_trimmed_spectral_relation,score_trimmed_transfer,score_hybrid_structure,score_hybrid_input_spectrum,score_hybrid_model_js,score_hybrid_spectral_relation,score_hybrid_transfer,score_legacy_combined,score_global_mad_combined,score_global_ecdf_combined,score_trimmed_combined,score_hybrid_combined,moment_0,moment_1,moment_2,moment_3,input_band_0,input_band_1,input_band_2,input_band_3,model_js_layer_1,model_js_layer_2,spectral_relation_layer_1,spectral_relation_layer_2,delta_gain_l1_b0,delta_gain_l1_b1,delta_gain_l1_b2,delta_gain_l1_b3,delta_gain_l2_b0,delta_gain_l2_b1,delta_gain_l2_b2,delta_gain_l2_b3
0,0,9,0,1.9269877406520215,0.6305079091092542,1.271059974936604,0.6024112402658323,3.660381399310272,1.636651692890445,1.119868529736166,0.34287433193886707,0.40732827269227195,2.504473085564179,2.0957734450892316,1.4693919608415476,0.16804711811935585,0.5735122262275201,2.788920625649177,3.4644696690668217,0.683573260138622,0.5322682063670204,1.1637057723379323,4.1717057239421145,0.8703703703703703,0.47777777777777786,0.13703703703703704,0.38888888888888884,0.8222222222222223,1.3278949405182998,0.4866666666666667,0.5644444444444445,0.5666666666666667,0.5355555555555556,1.2594424,1.5517813,1.9847893,2.6112149,0.98336506,0.006693119,0.0063437475,0.0035981012,0.0001848649,0.0007661113,0.005532309878617525,0.0014459992526099086,1.4663341,1.2344532,0.043416977,-0.056717873,3.330208,5.87401,3.3775988,3.9211855
4,0,12,1,2.338775005023332,0.5338305582753088,0.9907283432907018,0.6022892952501251,3.1347045926807318,2.086478136366826,0.9648354110632458,1.88247174485656,0.22816082389836756,1.6636529018233825,3.1354942159291506,2.0957734450892316,0.5735122262275202,0.3092496257948245,1.1228183705615749,3.1779080235727974,0.5786329415090009,0.4390786251564546,1.0761888851641779,2.0745698712955822,0.9222222222222222,0.4740740740740741,0.38518518518518513,0.25555555555555554,0.3666666666666667,1.0833927712747202,0.5266666666666666,0.48666666666666664,0.4288888888888889,0.4177777777777777,1.2387484,1.6050038,2.1439688,2.9235697,0.9204,0.071946785,0.0069745285,0.00067868026,7.862938e-05,0.0039563403,0.00571218179538846,0.0011808952549472451,1.0469229,1.210052,1.1647601,1.616663,2.6909978,4.150755,3.044248,2.3692307
7,0,7,0,0.5509142466826981,0.5720148589900506,1.8123130642261664,0.5585218278861206,1.0277741197167636,0.47580184601134834,0.63097387540561,0.6449502890737744,0.29986847312746423,0.5701845660681588,0.496436886313891,1.1228183705615749,0.4913607005818821,0.30401397586117673,0.6105662123043811,0.7317700500237083,0.5669882428058625,1.552267066069136,0.7594760184702055,1.1727803869590172,0.2851851851851852,0.3296296296296296,0.48518518518518516,0.21851851851851853,0.040740740740740744,0.9323807039165593,0.23777777777777773,0.24666666666666667,0.3311111111111112,0.24,1.0437386,1.2716272,1.6515392,2.2330604,0.96304846,0.032087833,0.0032773816,0.0015861497,6.154047e-05,0.0015194495,0.005832620896399021,0.0013670013286173344,1.5097117,1.6655769,1.3355904,0.9222517,3.4335532,4.86682,3.6455631,2.2526865
11,2,13,0,0.4022025314178399,0.699707072261675,0.4965529765215619,0.15211753831801317,1.510544361035909,0.2699650515674225,0.5626838872250175,0.5412983246288234,0.7070824290494067,1.5002046503083766,0.27370166495295933,0.5825214789788593,0.9701275457859843,0.6646730046244975,1.5260563034950494,0.1638295710263404,1.39576821627095,0.5082285552299224,0.3012324422180782,1.5318339364399118,0.0925925925925926,0.337037037037037,0.3925925925925926,0.35185185185185186,0.3222222222222222,1.5144676793247211,0.30444444444444446,0.3288888888888889,0.2644444444444444,0.23333333333333334,1.0620669,1.2469318,1.5349997,1.9600425,0.9543264,0.021665143,0.017963093,0.006045325,0.0013012246,0.00017327821,0.0078283017501235,0.0002865017158910632,2.2733982,1.5183945,0.42557716,0.31913567,3.544132,3.8431954,2.5485039,3.0041723
13,0,12,0,1.293992307274743,0.6879554381597514,0.26172411440692944,0.6210111077740201,7.000351372844891,0.6809028436673652,1.1965677560291725,0.4862381152672297,0.4401715486309526,2.2045081790725582,0.6505875661411494,1.6903083369810674,0.6646730046244974,0.6402779225397814,2.2396144813151224,1.412308020025686,0.9398605808828543,0.8690509793510521,1.7952383571643287,7.779670538157567,0.46296296296296297,0.5666666666666667,0.37407407407407406,0.46296296296296297,0.7703703703703703,2.110693557968059,0.45111111111111113,0.5022222222222222,0.6288888888888888,0.5288888888888889,1.0266857,1.1863092,1.4375011,1.8061146,0.9865625,0.004568059,0.006936292,0.0019331825,2.5414332e-05,0.0011801785,0.005980753339827061,0.0016809303779155016,1.5205896,1.660842,1.0829878,0.8677921,3.4830496,6.3045077,1.3912792,1.275464
15,0,4,0,1.9176258123914418,7.948997682575367,5.010851530276437,10.0,5.762062240758972,1.2452462856861235,7.450525170722553,0.1840789401435446,6.435261846301557,0.997529516309182,1.1228183705615749,3.1354942159291506,0.13976194237515865,2.5861880715950956,1.5899729892499916,2.557227173300154,10.0,4.357276248702415,10.0,5.080890956476084,0.725925925925926,0.9814814814814815,0.3074074074074074,0.9851851851851853,0.4407407407407408,9.595930485601478,0.5533333333333335,0.5955555555555556,0.9155555555555555,0.6511111111111111,1.0235087,1.1416297,1.3285798,1.5987307,0.7336598,0.11934123,0.107253864,0.039745115,0.0010895948,0.000706057,0.018484441563487053,0.007855309173464775,1.6488466,1.498169,1.1114149,0.82411194,3.3134995,3.3469791,2.5016909,2.6046925
16,1,9,0,0.1741849321886136,0.3357334943770577,0.5081407993170959,0.4411494866210008,3.4417535578080587,0.2100947076728685,1.5346529198444883,3.796748283674818,1.7188125594192312,3.429356613217398,0.19105523676270936,0.7017269907013585,0.8085140408503878,2.162539141401493,3.1354942159291506,0.6743902449205874,0.41066663373508855,0.029677867680790008,1.061317909998471,4.387237848668987,0.08518518518518518,0.3444444444444445,0.425925925925926,0.7518518518518519,0.9518518518518518,1.1093633669143321,0.6911111111111111,0.5311111111111112,0.31333333333333335,0.5088888888888888,1.1158583,1.3062571,1.6004691,2.0260744,0.9205176,0.03887183,0.02745311,0.013157427,0.0008062578,0.008278404,0.00017273220873903483,0.0,0.9888301,2.0538135,0.6429634,0.96052074,2.3458114,6.683666,5.2387958,4.32384
19,2,9,0,0.16484150156737823,0.7784371609774419,0.4082163686086085,0.5349498010436371,2.639460086733706,0.667259190310102,0.6197261786804391,0.9229582863002899,0.7947019263688826,1.4646215614271099,0.533490872390752,1.3437347467010947,1.131827623312914,0.7417483445381267,2.788920625649178,0.5557092942184716,1.0122947647025367,0.5261105776478208,0.6506407847066316,3.6038842600608487,0.29259259259259257,0.4481481481481482,0.4777777777777777,0.44814814814814813,0.6925925925925925,1.2566737239513703,0.4111111111111111,0.6244444444444444,0.38,0.47777777777777775,1.0364797,1.1942276,1.4436358,1.805944,0.95674384,0.03859749,0.0027881272,0.0018706328,0.002488758,0.0003616305,0.00831806194037199,0.0003239071520511061,2.2093866,1.2664752,0.8296032,2.0771666,3.5923128,4.017487,2.4753847,2.847168
24,0,6,0,0.651897411875729,0.2559104966839271,0.7311946500827742,0.8975115824911319,1.2212053482404248,0.660559310237347,0.3477560869884283,0.3161818942330808,0.4004613330618778,0.8488300448844748,0.6940932546359643,0.3040139758611768,0.2852724292338065,0.39935887909341233,0.832909122935104,1.3029344508820515,1.0387377521500556,0.3360494996418335,1.4527318540635097,1.2233026192021696,0.4407407407407408,0.17407407407407408,0.0925925925925926,0.3888888888888889,0.0925925925925926,0.9184641458791356,0.1622222222222222,0.1711111111111111,0.38,0.20222222222222222,1.1557697,1.388332,1.7419215,2.252279,0.94916975,0.030937642,0.016665969,0.0032265685,8.688003e-05,0.00089559297,0.006481905467808247,0.0013972391607239842,1.5026402,1.7834902,1.571989,1.5080233,3.4213762,4.686686,2.4052472,2.663906
26,0,6,0,0.8110074370067715,2.7924728590007106,1.8792335500184238,4.6311311712856735,1.8542668870716084,0.35921661534954674,2.5799753102876544,0.6327822187957339,0.9219670490174741,1.869921540181258,0.3022808718729337,1.1895840668738362,0.9701275457859843,1.0883219348180997,1.8930408910351495,1.0064543487836815,5.171238514725599,1.6684594270444417,5.167541163188047,2.287514069714035,0.25555555555555554,0.7444444444444445,0.6148148148148148,0.7148148148148148,0.5296296296296297,3.557653683137202,0.5177777777777778,0.5199999999999999,0.6777777777777778,0.64,1.107519,1.273156,1.5262933,1.8931149,0.879202,0.05751999,0.047646075,0.015631944,7.802248e-06,0.0014532763,0.0059022908098995686,0.002576112747192383,1.4964406,1.5919857,1.5078125,1.5304451,3.2458477,4.7131653,1.9254441,1.2234039
32,0,16,0,1.495855562401692,0.6809024035022839,0.6709327500969906,2.047267585048499,3.5878582382822444,0.8871697534827603,1.1667143820979144,0.6290826629854975,0.37611892291002835,1.1139181952079364,0.8855893807640172,1.8930408910351497,0.8855893807640172,0.30749831051922333,1.0406668449159369,1.627902857637248,1.068894179830175,1.9400534373889302,5.230610300736858,2.781167684321612,0.5703703703703704,0.6185185185185186,0.5925925925925926,0.4481481481481482,0.3,1.6774784258894755,0.3844444444444444,0.4377777777777777,0.6955555555555556,0.5244444444444445,1.0151598,1.1558018,1.3900489,1.7394439,0.987977,0.007219884,0.003684129,0.0011190531,0.0001465253,0.00023584344,0.007062062621116638,0.0011098540853708982,1.4606841,1.9483914,1.6726809,1.4898043,3.265193,4.223105,2.7844963,2.3039541
33,2,16,0,1.03738209008675,1.2909993440629361,0.6983441518515039,0.6060310047861794,1.527012257790492,1.7527291683154775,0.6860815729566632,1.055238769169324,1.0824046564881562,1.2222423999875445,1.749199854809259,0.8855893807640172,1.4693919608415473,0.7762447802816024,1.7814691153780444,2.018744215283499,1.8447791027728524,0.9758591627043727,1.0078497483590276,1.827464842838238,0.7666666666666666,0.46296296296296297,0.6925925925925925,0.5222222222222221,0.37407407407407406,0.7091218878020127,0.5266666666666666,0.62,0.5444444444444444,0.5777777777777777,0.9775577,1.072111,1.223923,1.4415159,0.9685378,0.020946415,0.008594486,0.0019212675,0.002673301,0.00024800326,0.009643531404435635,0.00032920195371843874,2.139408,1.1168013,1.5970287,1.6333418,3.5060577,3.7915006,2.0987902,2.2714367
34,2,10,0,0.9284869544004022,0.637792126204465,0.47232655810519386,0.5273955251166088,5.288366989435005,1.4007687307655141,0.4793176786504371,0.9421177834338044,0.4120309415233361,1.955016657974411,1.3437347467010947,0.6828568267099349,1.199893710475204,0.27698036522603886,2.788920625649177,2.0619839837575142,0.5940422884241927,0.6188134386867834,0.696481749214878,6.7350224578528435,0.7296296296296297,0.1814814814814815,0.5481481481481482,0.262962962962963,0.8074074074074075,2.1487066255530514,0.45999999999999996,0.54,0.5177777777777778,0.5266666666666666,0.99103683,1.0967132,1.2828568,1.5694937,0.95198643,0.04098581,0.004436493,0.00259132,0.0024714405,0.00031046482,0.006706833839416504,0.0003799636324401945,2.1263585,1.1914682,-0.13702106,0.21504402,3.4219828,3.8677444,3.3017483,2.5150833
36,2,7,0,1.0095397149043324,2.7000724216545438,5.523958388201089,2.243501527963546,2.4259623400217496,1.2765522414135584,1.0565916249004088,1.24244125907751,1.442587109334853,1.5515997239345536,1.546467300755177,0.8379342908618548,0.27698036522603886,1.3101650952822803,1.7491998548092589,1.9925038432546356,5.507049922293391,5.4528717288945945,3.2670091293717074,2.4406391951233033,0.7000000000000001,0.5444444444444444,0.5370370370370371,0.7444444444444445,0.47407407407407404,6.454768106817751,0.5711111111111111,0.4755555555555556,0.7533333333333333,0.6466666666666667,0.9723206,1.0941602,1.3075052,1.6388372,0.8987512,0.071193464,0.022174204,0.007881069,0.0003307839,0.0029016682,0.0014330977573990822,0.0,2.0326037,1.7291903,1.7241602,1.5002117,3.3202634,4.6531496,3.2898226,1.4499855
38,0,16,0,0.6159335534615877,0.7058284381342417,0.5560758934338412,0.06075134860571015,3.3569682330325605,0.4312691472485616,1.2530891858420175,0.4914408789278083,0.23182210784749466,1.0600205069573487,0.36486244334993667,2.7889206256491774,1.1695813995669868,0.14478711030190947,1.199893710475204,0.029139922588792735,0.9666418783589045,1.2170262776336203,0.3350558814823607,5.404951143688086,0.18888888888888888,0.6555555555555556,0.5592592592592592,0.08518518518518518,0.4185185185185185,0.8541432999979515,0.2688888888888889,0.42444444444444446,0.45111111111111113,0.4022222222222222,1.141687,1.3177081,1.5718006,1.9232303,0.98818326,0.002497346,0.008361927,0.00095746573,6.523821e-06,0.0006157043,0.005943735130131245,0.0012841116404160857,1.4995537,1.5892434,1.397316,1.3608723,3.4802916,4.95698,1.782526,2.2757683
40,1,13,0,0.4060014114469608,0.6034554264837491,0.42805362001387054,3.774085169867295,2.3059998454148665,0.5391388047082648,0.4914826841168546,4.356669047105289,1.6692674694134684,3.8979066759008525,0.3629054936893685,0.5502522184100738,1.199893710475204,1.2910544888721815,2.3307752597121,0.6744643323355273,0.6744348782241623,0.8320206527580758,1.2688090019624396,2.695063439964149,0.23703703703703705,0.17407407407407405,0.7111111111111111,0.7222222222222223,0.7666666666666667,0.7364812926342377,0.6422222222222222,0.5044444444444445,0.42000000000000004,0.5666666666666667,1.0743074,1.2272655,1.4739308,1.8477411,0.9399101,0.052528985,0.0049040117,0.002656863,0.0024079308,0.008217445,0.0002774380845949054,5.045638681622222e-05,1.1073332,2.1759152,1.0126295,0.9918318,2.538475,5.1911664,3.7219324,5.221884
42,0,10,0,1.8766482225522565,0.6708052031137561,1.0150819386206718,1.6469985709476889,2.8483094368855157,1.5436179706993327,1.1328931916141582,0.4597413458830227,0.5334567491713209,1.5543517127266704,1.8930408910351495,1.7814691153780449,0.5735122262275202,0.6718673733505472,1.5260563034950492,3.2930062401938915,0.7113952068310816,0.9947636273400122,2.918219320708106,3.173147847743545,0.8333333333333334,0.5148148148148148,0.362962962962963,0.5518518518518518,0.4703703703703703,1.3828403761457002,0.45999999999999996,0.5111111111111112,0.6688888888888889,0.5355555555555556,1.2427475,1.5399098,1.9898151,2.651367,0.98742014,0.008742325,0.002641736,0.0011958665,3.2522854e-05,0.0011338915,0.005964134354144335,0.0018648055847734213,1.510813,1.4980803,0.44929504,1.1241932,3.4686956,5.938653,1.8927927,2.5059805
43,0,6,0,0.6141049289635565,1.740647933507244,0.5283696171613089,0.32872005294356366,4.31707720599682,0.3000771556754813,1.594374320408575,0.5107657768785342,0.2948451964388043,0.8277355177976862,0.3362832364299623,0.7417483445381268,0.8855893807640172,0.2592078965163332,0.6940932546359643,0.7970406328457116,3.4985350433258042,0.5498514569990999,0.34584277059416096,3.63505372369436,0.20370370370370372,0.6037037037037037,0.38518518518518513,0.12962962962962962,0.29259259259259257,1.2524988671329287,0.2688888888888889,0.23111111111111113,0.4688888888888889,0.2577777777777778,1.053656,1.2453178,1.5679983,2.0658784,0.9016412,0.0512535,0.036794733,0.010310506,1.555543e-05,0.0005707438,0.00592460623010993,0.0013957158662378788,1.4124687,1.3711233,1.5351019,1.5300798,3.1005447,4.275537,2.94273,2.4210358
51,0,14,1,0.4706589252659408,4.934282593710537,5.099714797749708,6.574301937617078,1.070381589845133,0.9427564878180484,4.191487495503618,1.3886054549436673,5.757630465751323,1.5465245551435314,0.997161156421122,2.7889206256491774,1.2433993989700194,1.9842016694321272,1.637628079152154,1.1502000548834084,10.0,5.736023348938248,8.600553956559807,1.5042927243060897,0.5555555555555556,0.9444444444444445,0.7888888888888889,0.9222222222222222,0.35185185185185186,9.593284844190272,0.6955555555555555,0.72,0.7222222222222221,0.7311111111111112,1.1861658,1.432962,1.7784129,2.2468262,0.7655665,0.15179867,0.06515228,0.017482566,0.0043170573,0.00090076344,0.04300563782453537,0.0022900719195604324,1.7974477,0.8469815,0.8516207,1.1828642,3.290824,3.8568478,2.8965845,3.0834694
58,0,8,0,0.7606948073226818,0.6781060459111639,0.34579058129920925,0.16718092079645586,3.0590019596116367,0.34307771986521807,1.1442617700622626,0.45071434396636534,0.3113642651867377,3.3527468372571967,0.24512245803298505,2.0957734450892316,1.3167011360659568,0.3551534004213857,3.1354942159291497,0.9385497390515001,0.7172334723688376,0.36836016444015035,0.0571101269494745,4.156829847521258,0.2111111111111111,0.5555555555555556,0.38888888888888884,0.15185185185185188,0.9148148148148149,0.8554719088084368,0.3977777777777778,0.5822222222222222,0.35333333333333333,0.4288888888888889,1.119487,1.2833997,1.5358454,1.9069546,0.9878036,0.008365243,0.0025946263,0.0012365883,6.393964e-06,0.00069556094,0.005995411425828934,0.0014304836513474584,1.517899,1.550581,1.3359728,1.0988111,3.5082846,4.454203,0.85994434,0.26890755
68,1,9,0,3.0044333590971304,1.082009754788212,0.4578369049928315,5.070351410889848,1.0506723679962584,2.428545366105452,2.1105563485913414,4.828513411043153,1.5088347159383966,2.6085495111021784,3.1354942159291497,1.1998937104752039,1.1998937104752045,0.8379342908618547,2.0368819272610406,9.973168982563841,1.321635182202451,0.6740355322547117,5.0,0.6910239096711788,0.9777777777777779,0.6555555555555556,0.7148148148148148,0.7148148148148148,0.4703703703703703,2.5216525581168088,0.8466666666666667,0.6977777777777778,0.5755555555555556,0.7822222222222222,0.96164614,1.0096518,1.1008555,1.2336736,0.9429051,0.023705326,0.011816308,0.021573288,0.0016264935,0.00975721,0.0009312222828157246,8.298581087728962e-05,1.0273612,2.1597362,1.7963161,1.7190104,2.3894765,5.900108,3.604525,2.6874638
69,2,11,0,1.1756478936591777,0.5035936321789748,0.8018857961444854,0.5489310988442698,1.4529476777127672,0.3980642196020445,0.6749583326485216,0.430819485339258,1.0700161955437917,1.602722660603122,0.4274440148269396,0.42967119000162973,1.0406668449159369,0.7944286023670397,1.7491998548092584,0.882737504296383,1.5626694279458746,0.8504387351157637,0.935959175867484,1.443712693201289,0.27777777777777773,0.3296296296296296,0.44074074074074066,0.5222222222222223,0.37407407407407406,0.586682843784533,0.3488888888888889,0.38888888888888884,0.4288888888888889,0.3711111111111111,1.1248298,1.3346391,1.6774935,2.20877,0.9429181,0.027462468,0.023516612,0.006102865,0.00095953676,0.00012038447,0.009654802270233631,0.00035738933365792036,2.2993987,1.5924816,0.4552679,0.44491196,3.554457,3.8642612,3.5588222,3.476348
70,0,4,0,0.2150444609573224,5.14047601857385,0.478900237542759,7.6650313350383055,2.3556870899963367,0.23953641812890183,4.876900046447672,0.47524957760691816,3.786088484137109,1.2900801104894408,0.2737016649529594,2.239614481315123,1.6903083369810674,1.5464673007551772,2.0957734450892316,0.36274760656823146,7.70881010694826,0.4686010539955695,10.0,2.434833030103602,0.09999999999999999,0.9259259259259259,0.46666666666666673,0.9185185185185185,0.4851851851851852,7.059689003301413,0.4955555555555556,0.6911111111111111,0.5511111111111111,0.5977777777777777,1.0900117,1.3079686,1.6483887,2.1442254,0.80234957,0.08717829,0.08790053,0.022571577,1.2885048e-06,0.00065153686,0.0037866798229515553,0.007129875477403402,1.5076642,1.4996438,1.5294104,1.4814863,3.2330503,3.099853,2.2225194,2.059412
71,1,14,0,1.587199799840195,0.4643101072691284,0.46642846573795693,2.1499237713089157,1.2660532361109404,2.056936580057781,0.5578304220866398,3.820234228480936,1.568542919939147,2.5949380889545455,2.2396144813151224,0.5735122262275202,0.8533201201952314,1.0925060596533576,2.4423470353692047,3.214892836599124,0.4176720731709172,0.307901990627862,0.0,1.0981368974376355,0.8925925925925927,0.13703703703703704,0.48518518518518516,0.49259259259259264,0.5444444444444444,0.6744899719528772,0.7044444444444444,0.6022222222222222,0.2244444444444444,0.5266666666666666,0.9612742,1.0386995,1.1651803,1.3493222,0.92867696,0.05787722,0.011287052,0.0021587228,0.0020686905,0.0074342648,0.0007782183238305151,3.33300449710805e-05,1.0039475,2.1395655,1.7110815,2.1072903,2.4021192,5.239678,2.855392,2.2020693
86,1,5,0,3.0594686468839223,1.658551336925143,1.4602735612762388,2.427129131914374,2.241385489030259,2.1711891518716033,4.241154065911134,3.154944013973265,0.7866492525675355,2.503355782527432,3.1354942159291497,2.239614481315123,0.6170179147223351,1.2266380529506973,2.788920625649177,9.716052171969725,2.3177760391304947,0.7550836291936884,4.890099738594614,3.461627274067193,0.9629629629629629,0.8444444444444444,0.5148148148148148,0.6925925925925926,0.7851851851851852,2.466441977435066,0.7844444444444444,0.7422222222222222,0.7533333333333333,0.8155555555555557,0.91136855,0.98463416,1.1247795,1.3434471,0.84570676,0.061178382,0.069995865,0.023119047,0.000105782296,0.006469605,0.004426020663231611,0.0,0.9873984,1.1920562,1.1090937,1.1890154,2.2440968,4.5488644,3.202147,2.5258512
87,1,7,0,0.3526360674636917,0.6961658674439772,0.7152169052145047,2.0526248993554277,1.3634170213369892,0.3306433743340407,1.9099559398198633,5.0,1.596216846508987,2.9437703715176746,0.3629054936893685,1.0560526742493137,1.5677471079645753,1.3578201851844427,2.788920625649177,0.6744696958214774,1.2238792263442584,0.5888965978128936,2.2742190656264616,1.3630074465554745,0.19259259259259257,0.6111111111111112,0.7444444444444445,0.7925925925925926,0.6666666666666666,0.7354179230782494,0.7222222222222222,0.6622222222222223,0.42000000000000004,0.6711111111111111,1.0885094,1.2981707,1.6543876,2.205692,0.88125503,0.06731524,0.042656954,0.008772777,0.00087265554,0.010861866,0.000722578086424619,3.96454697693116e-06,0.9654486,1.7682557,0.830081,0.2502241,2.254224,6.17182,4.4011064,2.7684803
89,1,9,0,0.07343651668038303,0.650719829468647,1.2009078417273364,0.5084660302279944,4.21007959604532,0.1031795386462079,1.0507515363346027,5.408901781483416,1.740689796689355,2.6987047850793724,0.1397619423751586,0.832909122935104,1.8159655511215207,2.5091127316814656,2.239614481315123,0.0,1.0391810055361428,1.1558646729867148,1.2009936245807316,3.0990722570567124,0.025925925925925925,0.41111111111111115,0.9,0.8037037037037037,0.7592592592592592,1.1424510465873836,0.6466666666666667,0.6022222222222222,0.49111111111111116,0.6155555555555556,1.0989608,1.298999,1.6152569,2.081315,0.89842075,0.07063783,0.024655733,0.006285682,0.002459664,0.010237256,7.291042857104912e-05,0.0,1.3306262,2.3300667,0.31315517,1.196701,2.47802,4.7341495,4.7734227,2.8955946
90,0,10,0,1.235527097375245,0.40141711328924345,1.7004239094142386,1.1371640773042584,3.0317492922007796,1.1099357017682308,0.8051245600721673,0.5418320989516989,0.33243434752184675,1.2353875317700664,1.1895840668738362,0.997161156421122,0.5067465299152589,0.2737016649529594,1.1410021926470126,2.262420249877154,0.36290489069802906,0.948326481116951,1.802890468028599,2.998599794119574,0.6925925925925926,0.27777777777777773,0.3814814814814815,0.32222222222222224,0.37407407407407406,0.7312130421179933,0.3577777777777778,0.33999999999999997,0.5311111111111112,0.33111111111111113,1.2095115,1.4513441,1.8170422,2.3521602,0.97255164,0.016997065,0.0066023646,0.0038489327,0.00017410613,0.00038497214,0.006383324507623911,0.0013091753935441375,1.5288966,2.0445824,0.44113255,1.02915,3.3587472,4.5301003,3.322836,2.193942
92,1,11,0,0.9874876285704632,1.2681896412118125,0.6638746253152681,0.28821174275697875,1.7723131271426418,1.325834281850514,0.5582356162984032,4.742530727301382,1.590169218373875,2.670077033635118,1.3437347467010945,0.9635915050023078,1.3437347467010945,1.6132329970674382,2.4423470353692043,2.5414563921391284,1.4695137859555603,1.2187483972633038,0.37117681310869993,1.1985929811860383,0.7518518518518519,0.4259259259259259,0.8407407407407407,0.6185185185185185,0.5740740740740741,1.0250668059793013,0.7,0.7266666666666667,0.4999999999999999,0.6822222222222222,1.2224168,1.5043472,1.9229785,2.5223484,0.96053714,0.03095133,0.006989769,0.001521865,0.0022904326,0.00906566,0.000759707938414067,0.0,1.2080617,2.4601731,1.0447388,1.6272049,2.5992343,5.9726934,4.360977,2.2490253
100,2,8,0,0.6104691329804721,1.488976312846012,0.7328055144515119,0.1477866830739341,1.0865293892524233,1.0298148538130514,2.349229661832126,0.641078068476421,0.5338833023306048,1.1167154902820524,0.832909122935104,1.0406668449159369,1.6903083369810674,0.5146207083993286,2.2396144813151224,1.1616826288503046,6.908138921743154,0.9680390712338209,0.16980836140041622,0.7161421546581641,0.5296296296296297,0.7296296296296297,0.6666666666666666,0.27037037037037037,0.28888888888888886,1.1538367374986094,0.49111111111111105,0.5844444444444445,0.41555555555555557,0.49333333333333335,1.0664598,1.1899933,1.38164,1.6575861,0.91817784,0.027781121,0.03652242,0.017518641,0.0014318295,8.0794736e-05,0.00800899788737297,0.0006901936139911413,2.320399,1.4455299,1.4814234,1.5334682,3.5283403,3.693829,3.1122975,2.745781
101,2,13,0,1.0445727210326683,0.7018185059842206,0.8222762917514519,0.4454617567800338,1.466503867659306,1.7582900809779956,0.5122541683456383,0.9437693564588168,0.6722323709768052,1.8864429219527419,1.6376280791521542,0.944480898592209,1.5899729892499919,0.6540719007991962,1.5464673007551768,2.021154712833833,0.602630152613955,1.0582808443523615,0.5350638783979871,1.2963564702275723,0.774074074074074,0.27777777777777773,0.7074074074074074,0.38888888888888884,0.3518518518518518,0.35242615941887356,0.5177777777777778,0.571111111111111,0.41111111111111115,0.4755555555555556,1.0023292,1.0932684,1.2324928,1.4254441,0.9538249,0.039937172,0.002973562,0.0032643527,0.0022075768,9.931116e-05,0.007463409099727869,0.000200905604287982,2.239169,1.3444805,1.2726297,1.0109453,3.4819677,3.7255182,3.9567604,3.923787
102,1,8,0,1.1862975904387523,0.9963855431531057,0.7276557391763439,0.23243156384126082,3.3173266585827603,0.9565549841123249,0.4851810749139131,3.623717580805342,1.499905115988175,2.4364437576324205,1.1228183705615749,0.6505875661411493,0.6828568267099351,1.3578201851844427,2.442347035369205,6.710395453936412,1.0890847373208246,0.5807052902423809,0.33630159794387876,2.762639697631522,0.7407407407407408,0.2851851851851852,0.5074074074074074,0.5481481481481482,0.7000000000000001,0.6092919884313507,0.5800000000000001,0.571111111111111,0.5177777777777778,0.5911111111111111,1.1860837,1.4377671,1.815555,2.362511,0.9591483,0.032303996,0.0053460174,0.0032017336,0.0016951907,0.007343739,0.0011715663131326437,0.0,1.1356072,2.3426147,1.8862057,1.6946001,2.6323285,5.929121,2.2885265,1.6537466
103,0,14,1,0.861652763787301,2.733667796803325,1.445473068134521,0.3142650431071852,2.2133647870474924,0.2828064834091767,2.465003277894198,2.31740239461495,0.15205555779043722,2.52903588118411,0.2513337180322636,1.637628079152154,0.7417483445381265,0.14101350748421798,1.637628079152154,0.8358352927377825,6.4931472215995,0.33705891782773134,0.5322213158021651,3.400029118495822,0.17407407407407405,0.7962962962962963,0.43333333333333335,0.09999999999999999,0.6259259259259259,2.4704338147717517,0.5000000000000001,0.31333333333333335,0.4644444444444444,0.42000000000000004,1.0617968,1.261774,1.545976,1.9361557,0.83921844,0.10965348,0.039986733,0.011141331,4.6110377e-05,0.004782436,0.0060156225226819515,0.0011198658030480146,1.037415,1.1694188,0.946054,1.1891894,2.492898,4.0098834,4.0821147,3.6301808
111,1,15,0,1.448657080120328,0.13556907164615795,0.7174189848494998,2.17096121803178,1.2391739276665517,2.0027457938501643,0.27963023221386557,3.721178931195901,1.5629030025793098,2.6860538476438593,2.788920625649178,0.16804711811935594,0.8329091229351041,1.0257403633410964,1.637628079152154,4.016893241772178,0.4456038513530766,0.6415456966435766,0.0564727077436251,1.2439432012832814,0.9148148148148149,0.03333333333333333,0.5666666666666667,0.4777777777777778,0.4703703703703703,0.9832464059133982,0.6644444444444445,0.4822222222222222,0.33111111111111113,0.5266666666666666,1.3062971,1.6047045,2.057312,2.7292845,0.9322927,0.050456896,0.012838571,0.0044118776,0.0022316284,0.007111894,0.0008039522217586637,3.33300449710805e-05,1.009902,2.2149315,1.6366768,0.76937675,2.3916295,5.049694,2.6317635,1.6421537
133,2,13,0,1.5435995864739327,1.0975287660305335,0.06912486398634896,0.30878331735153247,1.8900993818591194,0.6979087367292686,1.163537159227796,0.5825950440655292,0.453724870309271,2.066465692056462,0.8855893807640173,0.8533201201952314,0.6202752552329319,0.36486244334993667,1.4348955250980717,1.3715504536733318,2.0192671031584517,0.09694876234820415,0.4058435431627713,1.4825227866780337,0.5296296296296297,0.5370370370370371,0.24074074074074073,0.2777777777777778,0.37407407407407406,1.8750650301709486,0.4688888888888889,0.3533333333333334,0.35333333333333333,0.3466666666666667,1.1591524,1.3929563,1.759811,2.3126519,0.95753145,0.016751619,0.014224958,0.011491982,0.0016138146,0.00033872208,0.0068322173319756985,0.0003529981477186084,2.1933947,1.3807902,0.7448158,0.7277136,3.3984165,3.8465853,4.0280614,4.1632195
137,0,6,0,0.5418847035385732,1.705865579916005,3.9637921770958053,1.280039746111465,4.21138315362591,0.6397511475826354,1.51432458530204,0.41651614009784854,0.5486385479962476,2.2763529987483246,0.7852540330329417,0.6940932546359643,0.3551534004213859,0.6170179147223351,1.7491998548092589,1.031935033054683,3.1275666801914586,2.125101313154269,2.712517805536699,4.370377239121942,0.40370370370370373,0.5666666666666667,0.3666666666666667,0.5296296296296297,0.6666666666666666,2.2940456878523956,0.45555555555555555,0.3288888888888889,0.7355555555555555,0.5088888888888888,1.1237127,1.3638958,1.7435627,2.307152,0.91543144,0.043438382,0.028572863,0.01255732,0.00045479552,0.00040919933,0.006958183832466602,0.0014803193043917418,1.5786912,1.3884659,0.3702612,0.41609,3.4145308,4.271909,3.3504782,4.183647
143,0,11,1,0.0,0.0,1.5446999857063548,1.0111031482300588,1.6025818367686464,0.7434648458686446,0.9351312702469126,1.9275854754851456,0.04124724325345619,1.9346967098896442,0.7375989431307793,0.8430104765938636,0.4364128651702732,0.15114043593646684,0.997161156421122,0.6393049219151946,0.5596613284695263,1.5062726931873383,1.8448935467858867,2.4320444466989892,0.35185185185185186,0.3,0.5518518518518518,0.24814814814814815,0.3962962962962963,1.224921555143545,0.4377777777777778,0.22000000000000003,0.45111111111111113,0.3555555555555555,1.1677517,1.3962889,1.6983618,2.089965,0.91223526,0.07360662,0.011580822,0.0025773246,0.00017911012,0.004123863,0.00577593082562089,0.0008528172038495541,1.0440309,1.3219647,0.9032507,1.1833887,2.6891327,4.084793,3.7245264,3.3700337
148,1,13,0,0.4948818567439155,0.7895058363063086,0.22381681325918126,5.413756406079458,1.823263834334886,0.6525526337034193,0.8347462645514878,3.838756644614545,1.6286607290243742,3.2735162894128025,0.49899443664727633,1.8930408910351495,0.8800644626707246,1.3437347467010947,1.7491998548092593,0.7266375520871652,0.7990427400534568,0.0,2.1835015306361267,2.0930659462441623,0.3074074074074074,0.49259259259259264,0.46296296296296297,0.7814814814814816,0.6185185185185186,1.422202353793124,0.6733333333333335,0.5755555555555556,0.34888888888888886,0.5577777777777777,1.077001,1.2330203,1.4631804,1.7857566,0.9276847,0.06671192,0.0025453903,0.003058033,0.0018572449,0.007637152,0.00025358353741467,0.00013740675058215857,1.1393626,2.019002,0.914341,0.7460785,2.4864764,4.8888865,3.6992302,4.433593
155,0,14,1,0.14023180165233648,5.045950000441264,5.116567469645828,6.734877170583541,1.1722934257272701,0.8629140743363597,4.000152137928304,1.4375503359548651,5.811717734503507,1.4603868121358596,0.8329091229351041,2.2396144813151224,1.589972989249992,2.4423470353692043,2.162539141401493,0.7459924779713825,10.0,5.749078234600268,8.933627366194802,1.6437385615094595,0.4333333333333333,0.9074074074074074,0.8555555555555556,0.9518518518518517,0.4407407407407407,9.714586905902319,0.6777777777777778,0.7711111111111111,0.7044444444444445,0.7466666666666667,1.1840966,1.4094882,1.7154689,2.1214447,0.7753682,0.14277701,0.06329712,0.018557627,0.0043918886,0.00085353985,0.043111369013786316,0.002392677590250969,1.8154869,0.8029995,0.9565377,1.2800565,3.3292456,3.8323681,2.713953,2.7723365
157,0,10,0,1.7894725852412237,0.7914786971463643,0.5504978028886751,0.12221037463887824,1.7997599704682186,1.1446322253017518,1.315692060767566,0.5070701812674807,0.3385564002646017,2.1023747225428484,0.997161156421122,2.7889206256491774,0.944480898592209,0.43868044275296897,2.7889206256491774,2.330203974674256,0.8915174896041852,0.5535582646220297,0.410133397132278,2.1104399940293623,0.6814814814814815,0.6481481481481481,0.3962962962962963,0.24814814814814815,0.6777777777777777,1.4338964517660164,0.4866666666666667,0.671111111111111,0.4333333333333334,0.5244444444444445,1.0678786,1.1769892,1.3567109,1.6207491,0.99354076,0.0026483785,0.00311481,0.0006960236,9.94619e-06,0.0005824008,0.00597173860296607,0.0014919104287400842,1.5123458,1.5656757,2.090559,0.30270576,3.514591,4.629466,0.9811611,1.7647038
159,2,9,0,0.29175327065122614,1.2076175402594194,0.6165394474989107,0.610902738018891,1.1367492082022568,0.8383546965620187,1.3269182405826054,0.4115687553615681,0.914504037572708,1.2567048261339715,0.8855893807640172,0.5705448584676129,0.808514040850388,0.7852540330329414,2.5861880715950956,0.93768452394962,5.183458004187184,0.6870338964669406,0.9212446358538315,1.1753207202502611,0.47407407407407415,0.5370370370370371,0.337037037037037,0.49259259259259264,0.40370370370370373,1.1871875266538536,0.42444444444444446,0.49777777777777776,0.42444444444444446,0.4111111111111111,1.0118963,1.1586075,1.4012576,1.7652521,0.9379713,0.023810998,0.026765717,0.011451986,0.0010108596,0.00019852437,0.009805536828935146,0.0007150715100578964,2.3257787,1.5869865,0.9665079,1.3839064,3.5565834,3.9760118,3.4936795,3.153779
165,2,7,0,1.015761865122963,0.567848939396375,0.8543143102190087,1.191487225824931,2.0227958639074686,0.03583040919909403,0.392414262660838,1.0416448539306922,1.5316176061642797,1.0700060780559733,0.04445176257083381,0.49899443664727633,1.2666594067874657,0.9444808985922086,1.8159655511215207,1.1052951381286888,0.4489916672533554,1.086794005937573,2.0694659275311524,2.988269326994211,0.15185185185185185,0.07777777777777778,0.6851851851851851,0.6851851851851851,0.4407407407407407,0.7246376797291407,0.29555555555555557,0.4111111111111111,0.5177777777777778,0.4133333333333333,1.083346,1.2856814,1.5974101,2.0506735,0.94646335,0.04419849,0.006785823,0.0025523049,0.0029193426,0.00046850007,0.012327294796705246,0.0005928308237344027,2.2361257,1.3223019,1.0356455,0.9844818,3.5827036,4.062291,2.9370718,2.4468708
170,2,7,0,1.748059579882231,2.036583729903101,0.32879256232283643,1.215691907534524,1.4270943571765646,0.4156134912548156,2.777579805538689,0.2879599537214927,0.6814833990327598,1.1944951152915282,0.42967119000162973,1.199893710475204,0.4386804427529689,0.8533201201952314,1.7814691153780449,2.079163568812025,7.143782789233272,0.26023980229255356,1.0280760494230392,0.9768191980604937,0.4185185185185185,0.8037037037037037,0.09999999999999999,0.5074074074074074,0.262962962962963,1.67597894615205,0.3711111111111111,0.44666666666666666,0.4377777777777778,0.3888888888888889,1.1428851,1.3289554,1.6174573,2.0435476,0.90238386,0.031995278,0.048404943,0.0172159,0.0008631513,0.00033917325,0.007254126947373152,0.001609289669431746,2.308098,1.7600265,1.6706066,1.598629,3.4700027,3.791339,2.826232,2.3742056
175,2,9,0,1.2319301839592538,0.5706396742046658,3.9407524909763105,1.0114164802888064,1.8760982900382672,0.721611754435334,0.4297133418066986,0.8634368067986449,0.18623340549502349,1.1373068492526943,0.8800644626707246,0.5119821798489067,0.39935887909341233,0.25133371803226356,1.0560526742493137,1.21129353252555,0.5303615642753382,5.156706198451516,1.184459142491228,1.9721446317184643,0.5,0.09999999999999999,0.5074074074074074,0.21851851851851853,0.24814814814814815,5.035206266260505,0.2555555555555556,0.1933333333333333,0.4955555555555556,0.26,0.9993245,1.2188736,1.612199,2.2426684,0.9442216,0.045037128,0.0048317513,0.005909547,0.0017305388,0.0019104569,0.00576694356277585,0.0011241250904276967,2.0746133,1.3562536,1.0080395,1.5737658,3.4106257,4.5649824,3.746254,1.7980328
176,0,14,1,1.573162210838972,1.0162867653766303,1.0639833976399737,0.5011743296125493,1.1703919220953862,1.6243830745716392,1.4600735994829823,1.6991812876016674,0.35898220371513606,1.603690674755605,2.0368819272610406,1.1410021926470124,0.6828568267099349,0.5646624376778199,0.9635915050023076,2.3468397104899914,2.7283160223653686,0.11077279516299728,1.3275889312791098,1.5691759993993064,0.811111111111111,0.6555555555555556,0.36666666666666664,0.38888888888888884,0.3,0.7155989295318932,0.5755555555555556,0.4377777777777778,0.5,0.4533333333333333,1.2515845,1.5605898,1.9987602,2.6189888,0.8873265,0.08607506,0.020424485,0.0061740065,3.5207526e-05,0.003563189,0.005880221724510193,0.0014989329501986504,1.1112005,1.2063079,0.96763897,1.2205796,2.7269878,4.140895,3.2893891,2.8365145
